{"name":"WhatIsYourName","identifier":"PKHZNOEQGK","description":"The bot provides a name for the bot.","parentIntentSignature":null,"sampleUtterances":[{"utterance":"what is your name"},{"utterance":"what are you called"},{"utterance":"what do you go by"},{"utterance":"do you have a name"},{"utterance":"who are you"}],"intentConfirmationSetting":null,"intentClosingSetting":{"isActive":true,"closingResponse":{"allowInterrupt":true,"messageGroupsList":[{"message":{"plainTextMessage":{"value":"I am [BOT NAME]"},"customPayload":null,"ssmlMessage":null,"imageResponseCard":null},"variations":[{"plainTextMessage":{"value":"My name is [BOT NAME]"},"customPayload":null,"ssmlMessage":null,"imageResponseCard":null},{"plainTextMessage":{"value":"You can call me [BOT NAME]"},"customPayload":null,"ssmlMessage":null,"imageResponseCard":null}]}]}},"inputContexts":null,"outputContexts":null,"kendraConfiguration":null,"dialogCodeHook":null,"fulfillmentCodeHook":null,"slotPriorities":[]}