{"name":"Goodbye","identifier":"SLMFHM3RHT","description":"Bot says goodbye to the user.","parentIntentSignature":null,"sampleUtterances":[{"utterance":"bye"},{"utterance":"later"},{"utterance":"see you later"},{"utterance":"goodbye"},{"utterance":"see ya"},{"utterance":"have a nice day"},{"utterance":"good night"},{"utterance":"I have to go"},{"utterance":"catch you later"},{"utterance":"I got to go"},{"utterance":"alright I got things to do"},{"utterance":"talk to you later"}],"intentConfirmationSetting":null,"intentClosingSetting":{"isActive":true,"closingResponse":{"allowInterrupt":true,"messageGroupsList":[{"message":{"plainTextMessage":{"value":"Goodbye"},"customPayload":null,"ssmlMessage":null,"imageResponseCard":null},"variations":[{"plainTextMessage":{"value":"See you later"},"customPayload":null,"ssmlMessage":null,"imageResponseCard":null},{"plainTextMessage":{"value":"Bye"},"customPayload":null,"ssmlMessage":null,"imageResponseCard":null}]}]}},"inputContexts":null,"outputContexts":null,"kendraConfiguration":null,"dialogCodeHook":null,"fulfillmentCodeHook":null,"slotPriorities":[]}