{"name":"Hello","identifier":"NGRDKJWQGA","description":"The bot says hello back.","parentIntentSignature":null,"sampleUtterances":[{"utterance":"hi"},{"utterance":"hello"},{"utterance":"hey"},{"utterance":"hi there"},{"utterance":"greetings"},{"utterance":"howdy"},{"utterance":"good day"},{"utterance":"nice to meet you"}],"intentConfirmationSetting":null,"intentClosingSetting":{"isActive":true,"closingResponse":{"allowInterrupt":true,"messageGroupsList":[{"message":{"plainTextMessage":{"value":"Hello {Name}"},"customPayload":null,"ssmlMessage":null,"imageResponseCard":null},"variations":[{"plainTextMessage":{"value":"Hi {Name}"},"customPayload":null,"ssmlMessage":null,"imageResponseCard":null},{"plainTextMessage":{"value":"Nice to meet you {Name}"},"customPayload":null,"ssmlMessage":null,"imageResponseCard":null}]}]}},"inputContexts":null,"outputContexts":null,"kendraConfiguration":null,"dialogCodeHook":null,"fulfillmentCodeHook":null,"slotPriorities":[{"priority":1,"slotName":"Name"}]}