{"name":"SearchNotes","identifier":"OK1VJE5X3O","description":"The user is asking a question that may be in the user's notes.","parentIntentSignature":null,"sampleUtterances":[{"utterance":"do I need to pick up eggs later"},{"utterance":"am I doing something tomorrow"},{"utterance":"when will I meet Alice"},{"utterance":"do I have an appointment coming up"},{"utterance":"is Rachel coming over for dinner next Thursday"},{"utterance":"am I going to the movies this week"},{"utterance":"do I need to get my car fixed"},{"utterance":"am I going to the beach next month"},{"utterance":"do I need to get more milk"},{"utterance":"do I have an appointment on the 14th"},{"utterance":"what am I doing later today"},{"utterance":"am I supposed to cook something for the potluck"},{"utterance":"who is going to the movies with me on Friday"},{"utterance":"where am I going tomorrow"},{"utterance":"who is bringing napkins to the birthday party"},{"utterance":"what things do I need to buy"},{"utterance":"what do I need to do"},{"utterance":"where is Buddy"},{"utterance":"do I need to get my prescription refilled"},{"utterance":"did I visit my parents"},{"utterance":"did I purchase a new toaster"},{"utterance":"did I go to the mall earlier this week"},{"utterance":"why am I at Red Lobster"},{"utterance":"why am I going to the store"},{"utterance":"why am I baking cupcakes"}],"intentConfirmationSetting":null,"intentClosingSetting":{"isActive":true,"closingResponse":{"allowInterrupt":true,"messageGroupsList":[{"message":{"plainTextMessage":{"value":"[SEARCHING NOTES TO FIND ANSWER]"},"customPayload":null,"ssmlMessage":null,"imageResponseCard":null},"variations":null}]}},"inputContexts":null,"outputContexts":null,"kendraConfiguration":null,"dialogCodeHook":null,"fulfillmentCodeHook":null,"slotPriorities":[]}