{"name":"Compliment","identifier":"KVKMLF4CBB","description":"The bot says thank you when the user gives it a compliment.","parentIntentSignature":null,"sampleUtterances":[{"utterance":"you are the best"},{"utterance":"you are smart"},{"utterance":"you are very helpful"},{"utterance":"you are reliable"},{"utterance":"I like your voice"},{"utterance":"you are so thoughtful"},{"utterance":"you are a great listener"},{"utterance":"I like your style"},{"utterance":"you are so reliable"},{"utterance":"what would I do without you"},{"utterance":"that is very kind of you"},{"utterance":"I like you"}],"intentConfirmationSetting":null,"intentClosingSetting":{"isActive":true,"closingResponse":{"allowInterrupt":true,"messageGroupsList":[{"message":{"plainTextMessage":{"value":"Thanks"},"customPayload":null,"ssmlMessage":null,"imageResponseCard":null},"variations":[{"plainTextMessage":{"value":"Thank you"},"customPayload":null,"ssmlMessage":null,"imageResponseCard":null}]}]}},"inputContexts":null,"outputContexts":null,"kendraConfiguration":null,"dialogCodeHook":null,"fulfillmentCodeHook":null,"slotPriorities":[]}