{"name":"AppFeature","identifier":"E21BP316IE","description":"Types of app features.","slotTypeValues":[{"sampleValue":{"value":"theme"},"synonyms":null},{"sampleValue":{"value":"login"},"synonyms":null},{"sampleValue":{"value":"profile"},"synonyms":null},{"sampleValue":{"value":"username"},"synonyms":null},{"sampleValue":{"value":"password"},"synonyms":null},{"sampleValue":{"value":"note"},"synonyms":null},{"sampleValue":{"value":"reminder"},"synonyms":null},{"sampleValue":{"value":"appointment"},"synonyms":null}],"parentSlotTypeSignature":null,"valueSelectionSetting":{"resolutionStrategy":"ORIGINAL_VALUE","regexFilter":null}}