{"name":"AppNavigation","identifier":"OS5QK6NZAR","description":null,"parentIntentSignature":null,"sampleUtterances":[{"utterance":"take me to the note screen"},{"utterance":"return to the main screen"},{"utterance":"I want to see my profile"},{"utterance":"direct me to the help page"},{"utterance":"load my user profile"},{"utterance":"go back to the settings section"}],"intentConfirmationSetting":null,"intentClosingSetting":{"isActive":true,"closingResponse":{"allowInterrupt":true,"messageGroupsList":[{"message":{"plainTextMessage":{"value":"[DIRECT USER TO NEW APP SCREEN]"},"customPayload":null,"ssmlMessage":null,"imageResponseCard":null},"variations":null}]}},"inputContexts":null,"outputContexts":null,"kendraConfiguration":null,"dialogCodeHook":null,"fulfillmentCodeHook":null,"slotPriorities":[]}