{"name":"UserLocation","identifier":"7UUHFLHJ0B","description":"The user is asking about their location.","parentIntentSignature":null,"sampleUtterances":[{"utterance":"where am I"},{"utterance":"what is this place"},{"utterance":"where the fuck am I"},{"utterance":"I am lost"},{"utterance":"I do not know where I am"}],"intentConfirmationSetting":null,"intentClosingSetting":{"isActive":true,"closingResponse":{"allowInterrupt":true,"messageGroupsList":[{"message":{"plainTextMessage":{"value":"You are at [USER LOCATION]."},"customPayload":null,"ssmlMessage":null,"imageResponseCard":null},"variations":null}]}},"inputContexts":null,"outputContexts":null,"kendraConfiguration":null,"dialogCodeHook":null,"fulfillmentCodeHook":null,"slotPriorities":[]}