{"name":"ThankYou","identifier":"70QKOBVYVU","description":"The bot says you are welcome.","parentIntentSignature":null,"sampleUtterances":[{"utterance":"thanks"},{"utterance":"thank you"},{"utterance":"thanks a lot"},{"utterance":"thank you very much"},{"utterance":"I appreciate it"},{"utterance":"I appreciate your help"},{"utterance":"I just wanted to say thanks"},{"utterance":"I thank you for your time"},{"utterance":"it means a lot to me"},{"utterance":"I would be lost without you"},{"utterance":"thank you for helping me"},{"utterance":"I am grateful"}],"intentConfirmationSetting":null,"intentClosingSetting":{"isActive":true,"closingResponse":{"allowInterrupt":true,"messageGroupsList":[{"message":{"plainTextMessage":{"value":"You're welcome"},"customPayload":null,"ssmlMessage":null,"imageResponseCard":null},"variations":[{"plainTextMessage":{"value":"I'm happy to help"},"customPayload":null,"ssmlMessage":null,"imageResponseCard":null},{"plainTextMessage":{"value":"My pleasure"},"customPayload":null,"ssmlMessage":null,"imageResponseCard":null}]}]}},"inputContexts":null,"outputContexts":null,"kendraConfiguration":null,"dialogCodeHook":null,"fulfillmentCodeHook":null,"slotPriorities":[]}