{"name":"Insult","identifier":"BHJBQ2SGS3","description":"The bot responds to the user insulting it.","parentIntentSignature":null,"sampleUtterances":[{"utterance":"you are stupid"},{"utterance":"you sound dumb"},{"utterance":"you are annoying"},{"utterance":"I hate you"},{"utterance":"I do not like you"},{"utterance":"shut up"},{"utterance":"fuck you"},{"utterance":"you suck"},{"utterance":"you are useless"},{"utterance":"eat shit"},{"utterance":"dumbass"},{"utterance":"fuck off"}],"intentConfirmationSetting":null,"intentClosingSetting":{"isActive":true,"closingResponse":{"allowInterrupt":true,"messageGroupsList":[{"message":{"plainTextMessage":{"value":"I'm sorry you feel that way."},"customPayload":null,"ssmlMessage":null,"imageResponseCard":null},"variations":[{"plainTextMessage":{"value":"If you don't have anything nice to say, don't say anything at all."},"customPayload":null,"ssmlMessage":null,"imageResponseCard":null}]}]}},"inputContexts":null,"outputContexts":null,"kendraConfiguration":null,"dialogCodeHook":null,"fulfillmentCodeHook":null,"slotPriorities":[]}