{"name":"AppHelp","identifier":"IIQ9OWZIZ3","description":"User requires assistance with the app's features.","parentIntentSignature":null,"sampleUtterances":[{"utterance":"how do I create a note"},{"utterance":"how do I update my user profile"},{"utterance":"how do I book an appointment"},{"utterance":"how do I set an appointment"},{"utterance":"how do I change my username"},{"utterance":"how do I change my password"},{"utterance":"how do I set a reminder"},{"utterance":"how do I change the app's theme"},{"utterance":"how do I change the app's color"},{"utterance":"how do I use the microphone"},{"utterance":"where is the options menu"}],"intentConfirmationSetting":null,"intentClosingSetting":{"isActive":true,"closingResponse":{"allowInterrupt":true,"messageGroupsList":[{"message":{"plainTextMessage":{"value":"I will help you with that. [DIRECT USER TO APP FEATURE FAQ SCREEN]"},"customPayload":null,"ssmlMessage":null,"imageResponseCard":null},"variations":null}]}},"inputContexts":null,"outputContexts":null,"kendraConfiguration":null,"dialogCodeHook":null,"fulfillmentCodeHook":null,"slotPriorities":[]}