{"name":"LastThingSaid","identifier":"U1Q0QS6ID5","description":null,"parentIntentSignature":null,"sampleUtterances":[{"utterance":"what was I saying"},{"utterance":"what was I talking about"},{"utterance":"what did I just say"},{"utterance":"what am I talking about"},{"utterance":"I lost my train of thought"},{"utterance":"I forgot what I was saying"},{"utterance":"I forgot what I was talking about"},{"utterance":"I do not know what am I talking about"},{"utterance":"what was the last thing I said"}],"intentConfirmationSetting":null,"intentClosingSetting":{"isActive":true,"closingResponse":{"allowInterrupt":true,"messageGroupsList":[{"message":{"plainTextMessage":{"value":"You said: [LAST THING SAID]"},"customPayload":null,"ssmlMessage":null,"imageResponseCard":null},"variations":null}]}},"inputContexts":null,"outputContexts":null,"kendraConfiguration":null,"dialogCodeHook":null,"fulfillmentCodeHook":null,"slotPriorities":[]}