{"name":"CreateNote","identifier":"4NQVWKSOWZ","description":"The user is making a statement that should be made into a note.","parentIntentSignature":null,"sampleUtterances":[{"utterance":"I need to pick up eggs tonight"},{"utterance":"John and Sally are coming over for dinner"},{"utterance":"I need to get my prescription refilled"},{"utterance":"I will meet Fred at the park Thursday morning"},{"utterance":"Set a reminder that I need to go grocery shopping"},{"utterance":"Make a note to get more milk"},{"utterance":"I have class Monday at 3pm"},{"utterance":"My birthday is December 12th"},{"utterance":"I need to meet with Susan a week from now"},{"utterance":"Thomas and I are going to see a movie next Wednesday"},{"utterance":"I need to buy the dog a new leash"},{"utterance":"I am going on a trip with Mark in a couple of days"},{"utterance":"The plumber is coming by tomorrow to fix the sink"},{"utterance":"I am making tacos for my church"},{"utterance":"Jacob will be bringing meatloaf to the potluck in March"},{"utterance":"Jill is baking brownies for our club"},{"utterance":"Eric is making sandwiches for the class"},{"utterance":"I need to get a haircut this week"},{"utterance":"Create an appointment to get a haircut on Monday"},{"utterance":"I have to pay the rent by the end of the month"},{"utterance":"remind me to visit my parents"},{"utterance":"remind me to change the air filter"},{"utterance":"remind me to buy flowers for my wife"},{"utterance":"I have a doctor's appointment at 4 tomorrow"}],"intentConfirmationSetting":null,"intentClosingSetting":{"isActive":true,"closingResponse":{"allowInterrupt":true,"messageGroupsList":[{"message":{"plainTextMessage":{"value":"[CREATE NOTE] I have created a new note for you."},"customPayload":null,"ssmlMessage":null,"imageResponseCard":null},"variations":null}]}},"inputContexts":null,"outputContexts":null,"kendraConfiguration":null,"dialogCodeHook":null,"fulfillmentCodeHook":null,"slotPriorities":[]}