{"name":"HowAreYou","identifier":"O2KDY84HGF","description":"The bot replies to the user asking how are you.","parentIntentSignature":null,"sampleUtterances":[{"utterance":"how are you"},{"utterance":"how is it going"},{"utterance":"how are you doing"},{"utterance":"what is up"},{"utterance":"how have you been"},{"utterance":"you all right"},{"utterance":"what is new with you"},{"utterance":"how is it hanging"},{"utterance":"what is going on with you"},{"utterance":"how is everything"}],"intentConfirmationSetting":null,"intentClosingSetting":{"isActive":true,"closingResponse":{"allowInterrupt":true,"messageGroupsList":[{"message":{"plainTextMessage":{"value":"I'm good. Thanks for asking."},"customPayload":null,"ssmlMessage":null,"imageResponseCard":null},"variations":[{"plainTextMessage":{"value":"I'm doing great. Thanks for asking."},"customPayload":null,"ssmlMessage":null,"imageResponseCard":null},{"plainTextMessage":{"value":"I'm fine. Thanks."},"customPayload":null,"ssmlMessage":null,"imageResponseCard":null}]}]}},"inputContexts":null,"outputContexts":null,"kendraConfiguration":null,"dialogCodeHook":null,"fulfillmentCodeHook":null,"slotPriorities":[]}