{"name":"Name","identifier":"7U7VHBKDBD","description":null,"slotTypeName":"AMAZON.FirstName","obfuscationSetting":null,"valueElicitationSetting":{"promptSpecification":{"allowInterrupt":true,"messageGroupsList":[{"message":{"plainTextMessage":{"value":"Hello, what is your name?"},"customPayload":null,"ssmlMessage":null,"imageResponseCard":null},"variations":null}],"maxRetries":4},"sampleUtterances":null,"defaultValueSpecification":null,"waitAndContinueSpecification":null,"slotConstraint":"Required"},"multipleValuesSetting":null}